[
  {
    "name":"Evandrus",
    "subtitle":"Adventurer",
    "description":"An ordinary boy thrust into extraordinary circumstances.",
    "sprite":{
      "name":"sys/vx_chara01_a.png",
      "spriteIndex":4,
      "dir":0,
      "step":1
    },
    "face":{
      "faceset":"sys/mackie/face_m01a_1.png",
      "faceX":0,
      "faceY":1
    },
    "initLevel":1,
    "maxLevel":50,
    "charClass":0,
    "progressions":{
      "exp":{
        "base":300.0,
        "perLevel":100.0
      },
      "mhp":{
        "base":50.0,
        "perLevel":10.0
      },
      "mmp":{
        "base":20.0,
        "perLevel":4.0
      },
      "atk":{
        "base":10.0,
        "perLevel":2.5
      },
      "spd":{
        "base":10.0,
        "perLevel":2.0
      },
      "mag":{
        "base":10.0,
        "perLevel":1.5
      },
      "arm":{
        "base":10.0,
        "perLevel":2.5
      },
      "mre":{
        "base":10.0,
        "perLevel":2.0
      }
    },
    "startingEquipment":[
      
    ],
    "equipFixed":[
      
    ]
  },
  {
    "name":"Camilla",
    "subtitle":"Healer",
    "description":"A trained healer in touch with the spiritual.",
    "sprite":{
      "name":"sys/vx_chara01_a.png",
      "spriteIndex":6,
      "dir":0,
      "step":1
    },
    "face":{
      "faceset":"sys/mackie/face_m01a_1.png",
      "faceX":2,
      "faceY":1
    },
    "initLevel":1,
    "maxLevel":50,
    "charClass":1,
    "progressions":{
      "exp":{
        "base":300.0,
        "perLevel":100.0
      },
      "mhp":{
        "base":45.0,
        "perLevel":9.0
      },
      "mmp":{
        "base":40.0,
        "perLevel":6.0
      },
      "atk":{
        "base":10.0,
        "perLevel":1.3
      },
      "spd":{
        "base":9.0,
        "perLevel":1.5
      },
      "mag":{
        "base":10.0,
        "perLevel":2.5
      },
      "arm":{
        "base":8.0,
        "perLevel":1.5
      },
      "mre":{
        "base":20.0,
        "perLevel":4.0
      }
    },
    "startingEquipment":[
      
    ],
    "equipFixed":[
      
    ]
  },
  {
    "name":"Janus",
    "subtitle":"Engineer",
    "description":"A master of using tools to get out of sticky situations.",
    "sprite":{
      "name":"sys/vx_chara01_a.png",
      "spriteIndex":3,
      "dir":0,
      "step":1
    },
    "face":{
      "faceset":"sys/mackie/face_m01a_1.png",
      "faceX":3,
      "faceY":0
    },
    "initLevel":1,
    "maxLevel":50,
    "charClass":2,
    "progressions":{
      "exp":{
        "base":300.0,
        "perLevel":100.0
      },
      "mhp":{
        "base":55.0,
        "perLevel":10.0
      },
      "mmp":{
        "base":0.0,
        "perLevel":0.0
      },
      "atk":{
        "base":10.0,
        "perLevel":2.0
      },
      "spd":{
        "base":10.0,
        "perLevel":1.3
      },
      "mag":{
        "base":10.0,
        "perLevel":2.5
      },
      "arm":{
        "base":10.0,
        "perLevel":3.0
      },
      "mre":{
        "base":6.0,
        "perLevel":1.0
      }
    },
    "startingEquipment":[
      
    ],
    "equipFixed":[
      
    ]
  },
  {
    "name":"Lara",
    "subtitle":"Rogue",
    "description":"Beneath her player exterior is a someone you wouldn't want to cross.",
    "sprite":{
      "name":"sys/vx_chara01_a.png",
      "spriteIndex":7,
      "dir":0,
      "step":1
    },
    "face":{
      "faceset":"sys/mackie/face_m01a_1.png",
      "faceX":3,
      "faceY":1
    },
    "initLevel":1,
    "maxLevel":50,
    "charClass":3,
    "progressions":{
      "exp":{
        "base":300.0,
        "perLevel":100.0
      },
      "mhp":{
        "base":45.0,
        "perLevel":9.5
      },
      "mmp":{
        "base":20.0,
        "perLevel":2.0
      },
      "atk":{
        "base":10.0,
        "perLevel":1.4
      },
      "spd":{
        "base":20.0,
        "perLevel":4.0
      },
      "mag":{
        "base":10.0,
        "perLevel":2.0
      },
      "arm":{
        "base":10.0,
        "perLevel":1.5
      },
      "mre":{
        "base":10.0,
        "perLevel":2.5
      }
    },
    "startingEquipment":[
      
    ],
    "equipFixed":[
      
    ]
  },
  {
    "name":"Elissa",
    "subtitle":"Wizard",
    "description":"A gifted young woman intensely devoted to her craft.",
    "sprite":{
      "name":"sys/vx_chara01_a.png",
      "spriteIndex":1,
      "dir":0,
      "step":1
    },
    "face":{
      "faceset":"sys/mackie/face_m01a_1.png",
      "faceX":1,
      "faceY":0
    },
    "initLevel":1,
    "maxLevel":50,
    "charClass":4,
    "progressions":{
      "exp":{
        "base":300.0,
        "perLevel":100.0
      },
      "mhp":{
        "base":35.0,
        "perLevel":7.0
      },
      "mmp":{
        "base":40.0,
        "perLevel":8.0
      },
      "atk":{
        "base":10.0,
        "perLevel":2.0
      },
      "spd":{
        "base":10.0,
        "perLevel":2.0
      },
      "mag":{
        "base":10.0,
        "perLevel":4.0
      },
      "arm":{
        "base":7.0,
        "perLevel":1.0
      },
      "mre":{
        "base":15.0,
        "perLevel":3.0
      }
    },
    "startingEquipment":[
      
    ],
    "equipFixed":[
      
    ]
  }
]