[
  {
    "name":"Unarmed",
    "scopeId":2,
    "cost":0,
    "damages":[
      {
        "typeId":0,
        "elementId":0,
        "formula":"a.atk"
      }
    ],
    "effects":[
      
    ],
    "animationId":63
  },
  {
    "name":"Fireball",
    "scopeId":2,
    "cost":0,
    "damages":[
      {
        "typeId":1,
        "elementId":4,
        "formula":"a.mag*1.25"
      }
    ],
    "effects":[
      
    ],
    "animationId":10
  },
  {
    "name":"Flame",
    "scopeId":2,
    "cost":0,
    "damages":[
      {
        "typeId":1,
        "elementId":4,
        "formula":"a.mag*1.5"
      }
    ],
    "effects":[
      
    ],
    "animationId":1
  },
  {
    "name":"Fireblast",
    "scopeId":2,
    "cost":0,
    "damages":[
      {
        "typeId":1,
        "elementId":4,
        "formula":"a.mag*2"
      }
    ],
    "effects":[
      
    ],
    "animationId":2
  },
  {
    "name":"Infernofire",
    "scopeId":3,
    "cost":0,
    "damages":[
      {
        "typeId":1,
        "elementId":4,
        "formula":"a.mag*3"
      }
    ],
    "effects":[
      
    ],
    "animationId":12
  },
  {
    "name":"Firestorm",
    "scopeId":3,
    "cost":0,
    "damages":[
      {
        "typeId":1,
        "elementId":4,
        "formula":"a.mag*1"
      }
    ],
    "effects":[
      
    ],
    "animationId":9
  },
  {
    "name":"Heat",
    "scopeId":2,
    "cost":0,
    "damages":[
      {
        "typeId":1,
        "elementId":4,
        "formula":"a.mag*.5"
      }
    ],
    "effects":[
      
    ],
    "animationId":13
  },
  {
    "name":"Scorch",
    "scopeId":3,
    "cost":0,
    "damages":[
      {
        "typeId":1,
        "elementId":4,
        "formula":"a.mag*.75"
      }
    ],
    "effects":[
      {
        "keyId":304,
        "v1":100,
        "v2":0
      }
    ],
    "animationId":4
  },
  {
    "name":"Blaze",
    "scopeId":2,
    "cost":0,
    "damages":[
      {
        "typeId":1,
        "elementId":4,
        "formula":"a.mag*1.3"
      }
    ],
    "effects":[
      
    ],
    "animationId":11
  },
  {
    "name":"Flare",
    "scopeId":2,
    "cost":0,
    "damages":[
      {
        "typeId":1,
        "elementId":4,
        "formula":"a.mag*1.2"
      }
    ],
    "effects":[
      
    ],
    "animationId":3
  },
  {
    "name":"FireTen",
    "scopeId":2,
    "cost":0,
    "damages":[
      {
        "typeId":1,
        "elementId":4,
        "formula":"a.mag*1.2"
      }
    ],
    "effects":[
      
    ],
    "animationId":8
  },
  {
    "name":"Aquaball",
    "scopeId":2,
    "cost":0,
    "damages":[
      {
        "typeId":1,
        "elementId":12,
        "formula":"a.mag*.5"
      }
    ],
    "effects":[
      
    ],
    "animationId":26
  },
  {
    "name":"Water",
    "scopeId":2,
    "cost":0,
    "damages":[
      {
        "typeId":1,
        "elementId":12,
        "formula":"a.mag*1"
      }
    ],
    "effects":[
      
    ],
    "animationId":27
  },
  {
    "name":"Rainstorm",
    "scopeId":3,
    "cost":0,
    "damages":[
      {
        "typeId":1,
        "elementId":12,
        "formula":"a.mag*1"
      }
    ],
    "effects":[
      
    ],
    "animationId":31
  },
  {
    "name":"Flood",
    "scopeId":3,
    "cost":0,
    "damages":[
      {
        "typeId":1,
        "elementId":12,
        "formula":"a.mag*1.2"
      }
    ],
    "effects":[
      
    ],
    "animationId":32
  },
  {
    "name":"Waterjet",
    "scopeId":2,
    "cost":0,
    "damages":[
      {
        "typeId":1,
        "elementId":12,
        "formula":"a.mag*1.3"
      }
    ],
    "effects":[
      
    ],
    "animationId":33
  },
  {
    "name":"Stream",
    "scopeId":3,
    "cost":0,
    "damages":[
      {
        "typeId":1,
        "elementId":12,
        "formula":"a.mag*.75"
      }
    ],
    "effects":[
      
    ],
    "animationId":34
  },
  {
    "name":"Waterblast",
    "scopeId":2,
    "cost":0,
    "damages":[
      {
        "typeId":1,
        "elementId":12,
        "formula":"a.mag*1.75"
      }
    ],
    "effects":[
      
    ],
    "animationId":35
  },
  {
    "name":"Torrent",
    "scopeId":2,
    "cost":0,
    "damages":[
      {
        "typeId":1,
        "elementId":4,
        "formula":"a.mag*2"
      }
    ],
    "effects":[
      
    ],
    "animationId":36
  },
  {
    "name":"Cyclone",
    "scopeId":2,
    "cost":0,
    "damages":[
      {
        "typeId":1,
        "elementId":12,
        "formula":"a.mag*1.5"
      }
    ],
    "effects":[
      
    ],
    "animationId":37
  },
  {
    "name":"Tsunami",
    "scopeId":3,
    "cost":0,
    "damages":[
      {
        "typeId":1,
        "elementId":12,
        "formula":"a.mag*3"
      }
    ],
    "effects":[
      
    ],
    "animationId":38
  },
  {
    "name":"Splash",
    "scopeId":2,
    "cost":0,
    "damages":[
      {
        "typeId":1,
        "elementId":12,
        "formula":"a.mag"
      }
    ],
    "effects":[
      
    ],
    "animationId":28
  },
  {
    "name":"Hail",
    "scopeId":3,
    "cost":0,
    "damages":[
      {
        "typeId":1,
        "elementId":5,
        "formula":"a.mag*.75"
      }
    ],
    "effects":[
      
    ],
    "animationId":21
  },
  {
    "name":"Ice",
    "scopeId":2,
    "cost":0,
    "damages":[
      {
        "typeId":1,
        "elementId":5,
        "formula":"a.mag*1"
      }
    ],
    "effects":[
      
    ],
    "animationId":14
  },
  {
    "name":"Glacier",
    "scopeId":3,
    "cost":0,
    "damages":[
      {
        "typeId":1,
        "elementId":5,
        "formula":"a.mag*3"
      }
    ],
    "effects":[
      
    ],
    "animationId":39
  },
  {
    "name":"Freeze",
    "scopeId":2,
    "cost":0,
    "damages":[
      {
        "typeId":1,
        "elementId":5,
        "formula":"a.mag*.5"
      }
    ],
    "effects":[
      
    ],
    "animationId":15
  },
  {
    "name":"Icicleblast",
    "scopeId":2,
    "cost":0,
    "damages":[
      {
        "typeId":1,
        "elementId":5,
        "formula":"a.mag*1.3"
      }
    ],
    "effects":[
      
    ],
    "animationId":25
  },
  {
    "name":"Snowstorm",
    "scopeId":3,
    "cost":0,
    "damages":[
      {
        "typeId":1,
        "elementId":5,
        "formula":"a.mag*2"
      }
    ],
    "effects":[
      
    ],
    "animationId":40
  },
  {
    "name":"Iceberg",
    "scopeId":2,
    "cost":0,
    "damages":[
      {
        "typeId":1,
        "elementId":5,
        "formula":"a.mag*2"
      }
    ],
    "effects":[
      
    ],
    "animationId":41
  },
  {
    "name":"Iceball",
    "scopeId":2,
    "cost":0,
    "damages":[
      {
        "typeId":1,
        "elementId":5,
        "formula":"a.mag*1.25"
      }
    ],
    "effects":[
      
    ],
    "animationId":16
  },
  {
    "name":"Icestorm",
    "scopeId":3,
    "cost":0,
    "damages":[
      {
        "typeId":1,
        "elementId":5,
        "formula":"a.mag*1.5"
      }
    ],
    "effects":[
      
    ],
    "animationId":42
  },
  {
    "name":"Tornado",
    "scopeId":2,
    "cost":0,
    "damages":[
      {
        "typeId":1,
        "elementId":13,
        "formula":"a.mag*1.25"
      }
    ],
    "effects":[
      
    ],
    "animationId":43
  },
  {
    "name":"Gale",
    "scopeId":3,
    "cost":0,
    "damages":[
      {
        "typeId":1,
        "elementId":13,
        "formula":"a.mag*.75"
      }
    ],
    "effects":[
      
    ],
    "animationId":22
  },
  {
    "name":"Hurricane",
    "scopeId":3,
    "cost":0,
    "damages":[
      {
        "typeId":1,
        "elementId":13,
        "formula":"a.mag*1.5"
      }
    ],
    "effects":[
      
    ],
    "animationId":44
  },
  {
    "name":"Twister",
    "scopeId":2,
    "cost":0,
    "damages":[
      {
        "typeId":1,
        "elementId":13,
        "formula":"a.mag*1.3"
      }
    ],
    "effects":[
      
    ],
    "animationId":45
  },
  {
    "name":"Typhoon",
    "scopeId":3,
    "cost":0,
    "damages":[
      {
        "typeId":1,
        "elementId":13,
        "formula":"a.mag*1.5"
      }
    ],
    "effects":[
      
    ],
    "animationId":46
  },
  {
    "name":"Gust",
    "scopeId":2,
    "cost":0,
    "damages":[
      {
        "typeId":1,
        "elementId":13,
        "formula":"a.mag"
      }
    ],
    "effects":[
      
    ],
    "animationId":23
  },
  {
    "name":"Whirlwind",
    "scopeId":2,
    "cost":0,
    "damages":[
      {
        "typeId":1,
        "elementId":13,
        "formula":"a.mag*1.2"
      }
    ],
    "effects":[
      
    ],
    "animationId":47
  },
  {
    "name":"Wind",
    "scopeId":2,
    "cost":0,
    "damages":[
      {
        "typeId":1,
        "elementId":13,
        "formula":"a.mag"
      }
    ],
    "effects":[
      
    ],
    "animationId":24
  },
  {
    "name":"Rock",
    "scopeId":2,
    "cost":0,
    "damages":[
      {
        "typeId":1,
        "elementId":7,
        "formula":"a.mag*1"
      }
    ],
    "effects":[
      
    ],
    "animationId":18
  },
  {
    "name":"Stone",
    "scopeId":2,
    "cost":12,
    "damages":[
      {
        "typeId":1,
        "elementId":7,
        "formula":"a.mag*.5"
      }
    ],
    "effects":[
      
    ],
    "animationId":20
  },
  {
    "name":"Boulder",
    "scopeId":4,
    "cost":0,
    "damages":[
      {
        "typeId":1,
        "elementId":7,
        "formula":"a.mag*1.25"
      }
    ],
    "effects":[
      
    ],
    "animationId":19
  },
  {
    "name":"Landslide",
    "scopeId":3,
    "cost":0,
    "damages":[
      {
        "typeId":1,
        "elementId":7,
        "formula":"a.mag*1.3"
      }
    ],
    "effects":[
      
    ],
    "animationId":49
  },
  {
    "name":"Rubble",
    "scopeId":2,
    "cost":0,
    "damages":[
      {
        "typeId":1,
        "elementId":7,
        "formula":"a.mag*1.1"
      }
    ],
    "effects":[
      
    ],
    "animationId":22
  },
  {
    "name":"Gravelblast",
    "scopeId":2,
    "cost":0,
    "damages":[
      {
        "typeId":1,
        "elementId":7,
        "formula":"a.mag*1"
      }
    ],
    "effects":[
      
    ],
    "animationId":51
  },
  {
    "name":"Fissure",
    "scopeId":3,
    "cost":0,
    "damages":[
      {
        "typeId":1,
        "elementId":7,
        "formula":"a.mag*2"
      }
    ],
    "effects":[
      
    ],
    "animationId":52
  },
  {
    "name":"Upheaval",
    "scopeId":3,
    "cost":0,
    "damages":[
      {
        "typeId":1,
        "elementId":7,
        "formula":"a.mag*1.4"
      }
    ],
    "effects":[
      
    ],
    "animationId":17
  },
  {
    "name":"Earthquake",
    "scopeId":3,
    "cost":0,
    "damages":[
      {
        "typeId":1,
        "elementId":7,
        "formula":"a.mag*1.75"
      }
    ],
    "effects":[
      
    ],
    "animationId":53
  },
  {
    "name":"Tremor",
    "scopeId":3,
    "cost":0,
    "damages":[
      {
        "typeId":1,
        "elementId":7,
        "formula":"a.mag*.75"
      }
    ],
    "effects":[
      
    ],
    "animationId":48
  },
  {
    "name":"Thunder",
    "scopeId":3,
    "cost":0,
    "damages":[
      {
        "typeId":1,
        "elementId":6,
        "formula":"a.mag*1.5"
      }
    ],
    "effects":[
      
    ],
    "animationId":55
  },
  {
    "name":"Discharge",
    "scopeId":2,
    "cost":0,
    "damages":[
      {
        "typeId":1,
        "elementId":6,
        "formula":"a.mag*.5"
      }
    ],
    "effects":[
      
    ],
    "animationId":29
  },
  {
    "name":"Thunderbolt",
    "scopeId":2,
    "cost":0,
    "damages":[
      {
        "typeId":1,
        "elementId":6,
        "formula":"a.mag*1.25"
      }
    ],
    "effects":[
      
    ],
    "animationId":56
  },
  {
    "name":"Electic Outburst",
    "scopeId":3,
    "cost":0,
    "damages":[
      {
        "typeId":1,
        "elementId":6,
        "formula":"a.mag*3"
      }
    ],
    "effects":[
      
    ],
    "animationId":58
  },
  {
    "name":"Lightning",
    "scopeId":3,
    "cost":0,
    "damages":[
      {
        "typeId":1,
        "elementId":6,
        "formula":"a.mag*1.25"
      }
    ],
    "effects":[
      
    ],
    "animationId":54
  },
  {
    "name":"Thunderstorm",
    "scopeId":3,
    "cost":0,
    "damages":[
      {
        "typeId":1,
        "elementId":6,
        "formula":"a.mag*1.5"
      }
    ],
    "effects":[
      
    ],
    "animationId":57
  },
  {
    "name":"Plasmaball",
    "scopeId":2,
    "cost":0,
    "damages":[
      {
        "typeId":1,
        "elementId":6,
        "formula":"a.mag*.5"
      }
    ],
    "effects":[
      
    ],
    "animationId":30
  },
  {
    "name":"Heal",
    "scopeId":4,
    "cost":0,
    "damages":[
      {
        "typeId":1,
        "elementId":8,
        "formula":"-a.mag"
      }
    ],
    "effects":[
      
    ],
    "animationId":5
  },
  {
    "name":"Cure",
    "scopeId":4,
    "cost":0,
    "damages":[
      {
        "typeId":1,
        "elementId":8,
        "formula":"-2*a.mag"
      }
    ],
    "effects":[
      
    ],
    "animationId":59
  },
  {
    "name":"Cure All",
    "scopeId":5,
    "cost":4,
    "damages":[
      {
        "typeId":1,
        "elementId":8,
        "formula":"-2*a.mag"
      }
    ],
    "effects":[
      
    ],
    "animationId":59
  },
  {
    "name":"Heal All",
    "scopeId":5,
    "cost":0,
    "damages":[
      {
        "typeId":1,
        "elementId":8,
        "formula":"-a.mag"
      }
    ],
    "effects":[
      
    ],
    "animationId":5
  },
  {
    "name":"Revive",
    "scopeId":6,
    "cost":20,
    "damages":[
      {
        "typeId":1,
        "elementId":0,
        "formula":""
      }
    ],
    "effects":[
      {
        "keyId":101,
        "v1":20,
        "v2":0
      }
    ],
    "animationId":7
  },
  {
    "name":"Regen",
    "scopeId":4,
    "cost":0,
    "damages":[
      {
        "typeId":1,
        "elementId":8,
        "formula":"-a.mag*.5"
      }
    ],
    "effects":[
      
    ],
    "animationId":6
  },
  {
    "name":"Recover",
    "scopeId":2,
    "cost":0,
    "damages":[
      {
        "typeId":1,
        "elementId":8,
        "formula":"-a.mag"
      }
    ],
    "effects":[
      
    ],
    "animationId":60
  },
  {
    "name":"Revive All",
    "scopeId":0,
    "cost":0,
    "damages":[
      
    ],
    "effects":[
      
    ],
    "animationId":7
  },
  {
    "name":"Sword",
    "scopeId":2,
    "cost":0,
    "damages":[
      {
        "typeId":0,
        "elementId":3,
        "formula":"a.atk"
      }
    ],
    "effects":[
      
    ],
    "animationId":61
  },
  {
    "name":"Blade",
    "scopeId":2,
    "cost":0,
    "damages":[
      {
        "typeId":0,
        "elementId":2,
        "formula":"a.atk"
      }
    ],
    "effects":[
      
    ],
    "animationId":62
  },
  {
    "name":"Hammer",
    "scopeId":2,
    "cost":0,
    "damages":[
      {
        "typeId":0,
        "elementId":3,
        "formula":"a.atk"
      }
    ],
    "effects":[
      
    ],
    "animationId":63
  },
  {
    "name":"Staff",
    "scopeId":2,
    "cost":0,
    "damages":[
      {
        "typeId":0,
        "elementId":3,
        "formula":"a.atk"
      }
    ],
    "effects":[
      
    ],
    "animationId":64
  },
  {
    "name":"Arrow",
    "scopeId":2,
    "cost":0,
    "damages":[
      {
        "typeId":0,
        "elementId":3,
        "formula":"a.atk"
      }
    ],
    "effects":[
      
    ],
    "animationId":65
  },
  {
    "name":"Slash",
    "scopeId":2,
    "cost":0,
    "damages":[
      {
        "typeId":0,
        "elementId":3,
        "formula":"a.atk"
      }
    ],
    "effects":[
      
    ],
    "animationId":66
  },
  {
    "name":"Swing",
    "scopeId":2,
    "cost":0,
    "damages":[
      {
        "typeId":0,
        "elementId":3,
        "formula":"a.atk"
      }
    ],
    "effects":[
      
    ],
    "animationId":67
  },
  {
    "name":"Blast",
    "scopeId":2,
    "cost":0,
    "damages":[
      {
        "typeId":0,
        "elementId":3,
        "formula":"a.atk"
      }
    ],
    "effects":[
      
    ],
    "animationId":68
  },
  {
    "name":"Cut",
    "scopeId":2,
    "cost":0,
    "damages":[
      {
        "typeId":0,
        "elementId":3,
        "formula":"a.atk"
      }
    ],
    "effects":[
      
    ],
    "animationId":69
  },
  {
    "name":"Weak Fire Bomb",
    "scopeId":2,
    "cost":0,
    "damages":[
      {
        "typeId":2,
        "elementId":4,
        "formula":"100"
      }
    ],
    "effects":[
      
    ],
    "animationId":68
  },
  {
    "name":"Weak Ice Bomb",
    "scopeId":2,
    "cost":0,
    "damages":[
      {
        "typeId":2,
        "elementId":5,
        "formula":"100"
      }
    ],
    "effects":[
      
    ],
    "animationId":25
  },
  {
    "name":"Weak Wind Bomb",
    "scopeId":2,
    "cost":0,
    "damages":[
      {
        "typeId":2,
        "elementId":13,
        "formula":"100"
      }
    ],
    "effects":[
      
    ],
    "animationId":23
  },
  {
    "name":"Weak Earth Bomb",
    "scopeId":2,
    "cost":0,
    "damages":[
      {
        "typeId":2,
        "elementId":7,
        "formula":"100"
      }
    ],
    "effects":[
      
    ],
    "animationId":51
  },
  {
    "name":"Rein Fire Sword",
    "scopeId":2,
    "cost":0,
    "damages":[
      {
        "typeId":0,
        "elementId":4,
        "formula":"a.atk"
      }
    ],
    "effects":[
      
    ],
    "animationId":66
  },
  {
    "name":"Rein Ice Sword",
    "scopeId":2,
    "cost":0,
    "damages":[
      {
        "typeId":0,
        "elementId":5,
        "formula":"a.atk"
      }
    ],
    "effects":[
      
    ],
    "animationId":70
  },
  {
    "name":"Rein Earth Sword",
    "scopeId":2,
    "cost":0,
    "damages":[
      {
        "typeId":0,
        "elementId":7,
        "formula":"a.atk"
      }
    ],
    "effects":[
      
    ],
    "animationId":71
  },
  {
    "name":"Rein Wind Slash",
    "scopeId":2,
    "cost":0,
    "damages":[
      {
        "typeId":0,
        "elementId":13,
        "formula":"a.atk"
      }
    ],
    "effects":[
      
    ],
    "animationId":72
  },
  {
    "name":"Unarmed",
    "scopeId":2,
    "cost":0,
    "damages":[
      {
        "typeId":0,
        "elementId":0,
        "formula":"a.atk"
      }
    ],
    "effects":[
      
    ],
    "animationId":63
  },
  {
    "name":"",
    "scopeId":2,
    "cost":0,
    "damages":[
      {
        "typeId":0,
        "elementId":0,
        "formula":""
      }
    ],
    "effects":[
      
    ],
    "animationId":0
  },
  {
    "name":"",
    "scopeId":2,
    "cost":0,
    "damages":[
      {
        "typeId":0,
        "elementId":0,
        "formula":""
      }
    ],
    "effects":[
      
    ],
    "animationId":0
  },
  {
    "name":"",
    "scopeId":2,
    "cost":0,
    "damages":[
      {
        "typeId":0,
        "elementId":0,
        "formula":""
      }
    ],
    "effects":[
      
    ],
    "animationId":0
  }
]