{
  "events":[
    {
      "id":2,
      "name":"vai pra vila",
      "x":8.5,
      "y":2.5,
      "states":[
        {
          "conditions":[
            
          ],
          "height":0,
          "affixDirection":false,
          "trigger":1,
          "animationType":0,
          "runOnceThenIncrementState":false,
          "cmds":[
            {
              "jsonClass":"Teleport",
              "loc":{
                "map":"Map000002.rpgmap",
                "x":5.5,
                "y":6.5
              },
              "transitionId":1
            }
          ]
        }
      ],
      "eventClassId":-1,
      "params":[
        
      ]
    },
    {
      "id":3,
      "name":"choice",
      "x":10.5,
      "y":5.5,
      "states":[
        {
          "conditions":[
            
          ],
          "sprite":{
            "name":"sys/vx_chara07_b.png",
            "spriteIndex":2,
            "dir":0,
            "step":0
          },
          "height":1,
          "affixDirection":false,
          "trigger":2,
          "animationType":2,
          "runOnceThenIncrementState":false,
          "cmds":[
            {
              "jsonClass":"ShowText",
              "lines":[
                "Me da comida."
              ],
              "useCharacterFace":false,
              "characterId":0
            },
            {
              "jsonClass":"SetEventState",
              "entitySpec":{
                "whichEntityId":1,
                "mapName":"Map000003.rpgmap",
                "eventId":1
              },
              "state":1
            }
          ]
        },
        {
          "conditions":[
            
          ],
          "sprite":{
            "name":"sys/vx_chara07_b.png",
            "spriteIndex":2,
            "dir":0,
            "step":0
          },
          "height":1,
          "affixDirection":false,
          "trigger":2,
          "animationType":2,
          "runOnceThenIncrementState":false,
          "cmds":[
            {
              "jsonClass":"GetChoice",
              "question":[
                "Quanto tempo em média um gato dorme por dia?"
              ],
              "choices":[
                "6-8hs",
                "7-12hs",
                "12-16hs",
                "18-21hs"
              ],
              "allowCancel":false,
              "innerCmds":[
                [
                  {
                    "jsonClass":"ShakeScreen",
                    "xAmplitude":{
                      "jsonClass":"FloatParameter",
                      "constant":20.0,
                      "valueTypeId":0,
                      "localVariable":""
                    },
                    "yAmplitude":{
                      "jsonClass":"FloatParameter",
                      "constant":0.0,
                      "valueTypeId":0,
                      "localVariable":""
                    },
                    "frequency":{
                      "jsonClass":"FloatParameter",
                      "constant":5.0,
                      "valueTypeId":0,
                      "localVariable":""
                    },
                    "duration":{
                      "jsonClass":"FloatParameter",
                      "constant":1.9999999,
                      "valueTypeId":0,
                      "localVariable":""
                    }
                  },
                  {
                    "jsonClass":"SetGlobalInt",
                    "key":"battle",
                    "operatorId":0,
                    "value1":{
                      "jsonClass":"IntParameter",
                      "constant":1,
                      "valueTypeId":0,
                      "localVariable":"",
                      "globalVariable":""
                    }
                  },
                  {
                    "jsonClass":"SetGlobalInt",
                    "key":"i",
                    "operatorId":0,
                    "value1":{
                      "jsonClass":"IntParameter",
                      "constant":0,
                      "valueTypeId":0,
                      "localVariable":"",
                      "globalVariable":""
                    }
                  },
                  {
                    "jsonClass":"WhileLoop",
                    "conditions":[
                      {
                        "conditionTypeId":1,
                        "intValue1":{
                          "jsonClass":"IntParameter",
                          "constant":0,
                          "valueTypeId":2,
                          "localVariable":"",
                          "globalVariable":"i"
                        },
                        "intValue2":{
                          "jsonClass":"IntParameter",
                          "constant":40,
                          "valueTypeId":0,
                          "localVariable":"",
                          "globalVariable":""
                        },
                        "operatorId":2,
                        "negate":false
                      }
                    ],
                    "innerCmds":[
                      {
                        "jsonClass":"SetGlobalInt",
                        "key":"i",
                        "operatorId":1,
                        "value1":{
                          "jsonClass":"IntParameter",
                          "constant":1,
                          "valueTypeId":0,
                          "localVariable":"",
                          "globalVariable":""
                        }
                      }
                    ]
                  }
                ],
                [
                  {
                    "jsonClass":"ShakeScreen",
                    "xAmplitude":{
                      "jsonClass":"FloatParameter",
                      "constant":20.0,
                      "valueTypeId":0,
                      "localVariable":""
                    },
                    "yAmplitude":{
                      "jsonClass":"FloatParameter",
                      "constant":0.0,
                      "valueTypeId":0,
                      "localVariable":""
                    },
                    "frequency":{
                      "jsonClass":"FloatParameter",
                      "constant":5.0,
                      "valueTypeId":0,
                      "localVariable":""
                    },
                    "duration":{
                      "jsonClass":"FloatParameter",
                      "constant":2.0,
                      "valueTypeId":0,
                      "localVariable":""
                    }
                  },
                  {
                    "jsonClass":"SetGlobalInt",
                    "key":"battle",
                    "operatorId":0,
                    "value1":{
                      "jsonClass":"IntParameter",
                      "constant":1,
                      "valueTypeId":0,
                      "localVariable":"",
                      "globalVariable":""
                    }
                  },
                  {
                    "jsonClass":"SetGlobalInt",
                    "key":"i",
                    "operatorId":0,
                    "value1":{
                      "jsonClass":"IntParameter",
                      "constant":0,
                      "valueTypeId":0,
                      "localVariable":"",
                      "globalVariable":""
                    }
                  },
                  {
                    "jsonClass":"WhileLoop",
                    "conditions":[
                      {
                        "conditionTypeId":1,
                        "intValue1":{
                          "jsonClass":"IntParameter",
                          "constant":0,
                          "valueTypeId":2,
                          "localVariable":"",
                          "globalVariable":"i"
                        },
                        "intValue2":{
                          "jsonClass":"IntParameter",
                          "constant":40,
                          "valueTypeId":0,
                          "localVariable":"",
                          "globalVariable":""
                        },
                        "operatorId":2,
                        "negate":false
                      }
                    ],
                    "innerCmds":[
                      {
                        "jsonClass":"SetGlobalInt",
                        "key":"i",
                        "operatorId":1,
                        "value1":{
                          "jsonClass":"IntParameter",
                          "constant":1,
                          "valueTypeId":0,
                          "localVariable":"",
                          "globalVariable":""
                        }
                      }
                    ]
                  }
                ],
                [
                  {
                    "jsonClass":"AddRemoveGold",
                    "add":true,
                    "quantity":{
                      "jsonClass":"IntParameter",
                      "constant":5,
                      "valueTypeId":0,
                      "localVariable":"",
                      "globalVariable":""
                    }
                  },
                  {
                    "jsonClass":"PlaySound",
                    "spec":{
                      "sound":"sys/opengameart-rpg-sound-pack/inventory/coin3.ogg",
                      "volume":1.0,
                      "pitch":1.0
                    }
                  }
                ],
                [
                  {
                    "jsonClass":"ShakeScreen",
                    "xAmplitude":{
                      "jsonClass":"FloatParameter",
                      "constant":20.0,
                      "valueTypeId":0,
                      "localVariable":""
                    },
                    "yAmplitude":{
                      "jsonClass":"FloatParameter",
                      "constant":0.0,
                      "valueTypeId":0,
                      "localVariable":""
                    },
                    "frequency":{
                      "jsonClass":"FloatParameter",
                      "constant":5.0,
                      "valueTypeId":0,
                      "localVariable":""
                    },
                    "duration":{
                      "jsonClass":"FloatParameter",
                      "constant":2.0,
                      "valueTypeId":0,
                      "localVariable":""
                    }
                  },
                  {
                    "jsonClass":"SetGlobalInt",
                    "key":"battle",
                    "operatorId":0,
                    "value1":{
                      "jsonClass":"IntParameter",
                      "constant":1,
                      "valueTypeId":0,
                      "localVariable":"",
                      "globalVariable":""
                    }
                  },
                  {
                    "jsonClass":"SetGlobalInt",
                    "key":"i",
                    "operatorId":0,
                    "value1":{
                      "jsonClass":"IntParameter",
                      "constant":0,
                      "valueTypeId":0,
                      "localVariable":"",
                      "globalVariable":""
                    }
                  },
                  {
                    "jsonClass":"WhileLoop",
                    "conditions":[
                      {
                        "conditionTypeId":1,
                        "intValue1":{
                          "jsonClass":"IntParameter",
                          "constant":0,
                          "valueTypeId":2,
                          "localVariable":"",
                          "globalVariable":"i"
                        },
                        "intValue2":{
                          "jsonClass":"IntParameter",
                          "constant":40,
                          "valueTypeId":0,
                          "localVariable":"",
                          "globalVariable":""
                        },
                        "operatorId":2,
                        "negate":false
                      }
                    ],
                    "innerCmds":[
                      {
                        "jsonClass":"SetGlobalInt",
                        "key":"i",
                        "operatorId":1,
                        "value1":{
                          "jsonClass":"IntParameter",
                          "constant":1,
                          "valueTypeId":0,
                          "localVariable":"",
                          "globalVariable":""
                        }
                      }
                    ]
                  }
                ],
                [
                  
                ]
              ],
              "useCharacterFace":false,
              "characterId":0
            },
            {
              "jsonClass":"IfCondition",
              "conditions":[
                {
                  "conditionTypeId":1,
                  "intValue1":{
                    "jsonClass":"IntParameter",
                    "constant":0,
                    "valueTypeId":2,
                    "localVariable":"",
                    "globalVariable":"battle"
                  },
                  "intValue2":{
                    "jsonClass":"IntParameter",
                    "constant":1,
                    "valueTypeId":0,
                    "localVariable":"",
                    "globalVariable":""
                  },
                  "operatorId":0,
                  "negate":false
                }
              ],
              "elseBranch":false,
              "trueCmds":[
                {
                  "jsonClass":"StartBattle",
                  "encounterId":{
                    "jsonClass":"IntParameter",
                    "constant":0,
                    "valueTypeId":0,
                    "localVariable":"",
                    "globalVariable":""
                  }
                }
              ],
              "elseCmds":[
                
              ]
            }
          ]
        }
      ],
      "eventClassId":-1,
      "params":[
        
      ]
    }
  ]
}