{
  "events":[
    {
      "id":1,
      "name":"vai para vila",
      "x":7.5,
      "y":0.5,
      "states":[
        {
          "conditions":[
            
          ],
          "height":0,
          "affixDirection":false,
          "trigger":2,
          "animationType":0,
          "runOnceThenIncrementState":false,
          "cmds":[
            {
              "jsonClass":"Teleport",
              "loc":{
                "map":"Map000002.rpgmap",
                "x":3.5,
                "y":11.5
              },
              "transitionId":1
            }
          ]
        }
      ],
      "eventClassId":-1,
      "params":[
        
      ]
    },
    {
      "id":2,
      "name":"vai para vila",
      "x":8.5,
      "y":0.5,
      "states":[
        {
          "conditions":[
            
          ],
          "height":0,
          "affixDirection":false,
          "trigger":2,
          "animationType":0,
          "runOnceThenIncrementState":false,
          "cmds":[
            {
              "jsonClass":"Teleport",
              "loc":{
                "map":"Map000002.rpgmap",
                "x":0.5,
                "y":12.5
              },
              "transitionId":1
            }
          ]
        }
      ],
      "eventClassId":-1,
      "params":[
        
      ]
    }
  ]
}