{
  "parent":"",
  "title":"mapa externo",
  "xSize":20,
  "ySize":20,
  "tilesets":[
    "sys/Refmap-TileA5.png",
    "sys/Refmap-TileB.png",
    "sys/Refmap-TileC.png",
    "sys/Refmap-TileD.png",
    "sys/Refmap-TileE.png"
  ],
  "autotiles":[
    "sys/Refmap-A1-0-0-A.png",
    "sys/Refmap-A1-0-0-B.png",
    "sys/Refmap-A1-0-1-A.png",
    "sys/Refmap-A1-0-1-B.png",
    "sys/Refmap-A1-1-0-A.png",
    "sys/Refmap-A1-1-0-B.png",
    "sys/Refmap-A1-1-1-A.png",
    "sys/Refmap-A1-1-1-B.png",
    "sys/Refmap-A1-2-0-A.png",
    "sys/Refmap-A1-2-0-B.png",
    "sys/Refmap-A1-2-1-A.png",
    "sys/Refmap-A1-2-1-B.png",
    "sys/Refmap-A1-3-0-A.png",
    "sys/Refmap-A1-3-0-B.png",
    "sys/Refmap-A1-3-1-A.png",
    "sys/Refmap-A1-3-1-B.png",
    "sys/Refmap-A2-0-0.png",
    "sys/Refmap-A2-0-1.png",
    "sys/Refmap-A2-0-2.png",
    "sys/Refmap-A2-0-3.png",
    "sys/Refmap-A2-0-4.png",
    "sys/Refmap-A2-0-5.png",
    "sys/Refmap-A2-0-6.png",
    "sys/Refmap-A2-0-7.png",
    "sys/Refmap-A2-1-0.png",
    "sys/Refmap-A2-1-1.png",
    "sys/Refmap-A2-1-2.png",
    "sys/Refmap-A2-1-3.png",
    "sys/Refmap-A2-1-4.png",
    "sys/Refmap-A2-1-5.png",
    "sys/Refmap-A2-1-6.png",
    "sys/Refmap-A2-1-7.png",
    "sys/Refmap-A2-2-0.png",
    "sys/Refmap-A2-2-1.png",
    "sys/Refmap-A2-2-2.png",
    "sys/Refmap-A2-2-3.png",
    "sys/Refmap-A2-2-4.png",
    "sys/Refmap-A2-2-5.png",
    "sys/Refmap-A2-2-6.png",
    "sys/Refmap-A2-2-7.png",
    "sys/Refmap-A2-3-0.png",
    "sys/Refmap-A2-3-1.png",
    "sys/Refmap-A2-3-2.png",
    "sys/Refmap-A2-3-3.png",
    "sys/Refmap-A2-3-4.png",
    "sys/Refmap-A2-3-5.png",
    "sys/Refmap-A2-3-6.png",
    "sys/Refmap-A2-3-7.png",
    "sys/Refmap-A3-0-0-A.png",
    "sys/Refmap-A3-0-1-A.png",
    "sys/Refmap-A3-0-2-A.png",
    "sys/Refmap-A3-0-3-A.png",
    "sys/Refmap-A3-0-4-A.png",
    "sys/Refmap-A3-0-5-A.png",
    "sys/Refmap-A3-0-6-A.png",
    "sys/Refmap-A3-0-7-A.png",
    "sys/Refmap-A3-1-0-A.png",
    "sys/Refmap-A3-1-1-A.png",
    "sys/Refmap-A3-1-2-A.png",
    "sys/Refmap-A3-1-3-A.png",
    "sys/Refmap-A3-1-4-A.png",
    "sys/Refmap-A3-1-5-A.png",
    "sys/Refmap-A3-1-6-A.png",
    "sys/Refmap-A3-1-7-A.png",
    "sys/Refmap-A3-2-0-A.png",
    "sys/Refmap-A3-2-1-A.png",
    "sys/Refmap-A3-2-2-A.png",
    "sys/Refmap-A3-2-3-A.png",
    "sys/Refmap-A3-2-4-A.png",
    "sys/Refmap-A3-2-5-A.png",
    "sys/Refmap-A3-2-6-A.png",
    "sys/Refmap-A3-2-7-A.png",
    "sys/Refmap-A3-3-0-A.png",
    "sys/Refmap-A3-3-1-A.png",
    "sys/Refmap-A3-3-2-A.png",
    "sys/Refmap-A3-3-3-A.png",
    "sys/Refmap-A3-3-4-A.png",
    "sys/Refmap-A3-3-5-A.png",
    "sys/Refmap-A3-3-6-A.png",
    "sys/Refmap-A3-3-7-A.png",
    "sys/Refmap-A4-0-0.png",
    "sys/Refmap-A4-0-1.png",
    "sys/Refmap-A4-0-2.png",
    "sys/Refmap-A4-0-3.png",
    "sys/Refmap-A4-0-4.png",
    "sys/Refmap-A4-0-5.png",
    "sys/Refmap-A4-0-6.png",
    "sys/Refmap-A4-0-7.png",
    "sys/Refmap-A4-1-0.png",
    "sys/Refmap-A4-1-1.png",
    "sys/Refmap-A4-1-2.png",
    "sys/Refmap-A4-1-3.png",
    "sys/Refmap-A4-1-4.png",
    "sys/Refmap-A4-1-5.png",
    "sys/Refmap-A4-1-6.png",
    "sys/Refmap-A4-1-7.png",
    "sys/Refmap-A4-2-0.png",
    "sys/Refmap-A4-2-1.png",
    "sys/Refmap-A4-2-2.png",
    "sys/Refmap-A4-2-3.png",
    "sys/Refmap-A4-2-4.png",
    "sys/Refmap-A4-2-5.png",
    "sys/Refmap-A4-2-6.png",
    "sys/Refmap-A4-2-7.png",
    "sys/Refmap-A4-3-0.png",
    "sys/Refmap-A4-3-1.png",
    "sys/Refmap-A4-3-2.png",
    "sys/Refmap-A4-3-3.png",
    "sys/Refmap-A4-3-4.png",
    "sys/Refmap-A4-3-5.png",
    "sys/Refmap-A4-3-6.png",
    "sys/Refmap-A4-3-7.png",
    "sys/Refmap-A4-4-0.png",
    "sys/Refmap-A4-4-1.png",
    "sys/Refmap-A4-4-2.png",
    "sys/Refmap-A4-4-3.png",
    "sys/Refmap-A4-4-4.png",
    "sys/Refmap-A4-4-5.png",
    "sys/Refmap-A4-4-6.png",
    "sys/Refmap-A4-4-7.png",
    "sys/Refmap-A4-5-0.png",
    "sys/Refmap-A4-5-1.png",
    "sys/Refmap-A4-5-2.png",
    "sys/Refmap-A4-5-3.png",
    "sys/Refmap-A4-5-4.png",
    "sys/Refmap-A4-5-5.png",
    "sys/Refmap-A4-5-6.png",
    "sys/Refmap-A4-5-7.png"
  ],
  "interior":false,
  "music":{
    "sound":"sys/aaron_mcdonald/Titus Andronicus - Who Is Burried Here.mid",
    "volume":1.0,
    "pitch":1.0
  },
  "battleBackground":"sys/Etolier/01sougen.jpg",
  "battleMusic":{
    "sound":"sys/sean_m_stephens/Battle1.mid",
    "volume":1.0,
    "pitch":1.0
  },
  "editorCenterX":10.0,
  "editorCenterY":9.8125,
  "lastGeneratedEventId":2,
  "randomEncounterSettings":{
    "stepsAverage":20,
    "encounters":[
      
    ]
  }
}