{
  "events":[
    {
      "id":1,
      "name":"vai para casa",
      "x":5.5,
      "y":6.5,
      "states":[
        {
          "conditions":[
            
          ],
          "height":0,
          "affixDirection":false,
          "trigger":2,
          "animationType":0,
          "runOnceThenIncrementState":false,
          "cmds":[
            {
              "jsonClass":"Teleport",
              "loc":{
                "map":"Map000003.rpgmap",
                "x":8.5,
                "y":2.5
              },
              "transitionId":1
            }
          ]
        }
      ],
      "eventClassId":-1,
      "params":[
        
      ]
    },
    {
      "id":2,
      "name":"vai para fora",
      "x":0.5,
      "y":11.5,
      "states":[
        {
          "conditions":[
            
          ],
          "height":0,
          "affixDirection":false,
          "trigger":1,
          "animationType":0,
          "runOnceThenIncrementState":false,
          "cmds":[
            {
              "jsonClass":"Teleport",
              "loc":{
                "map":"Map000001.rpgmap",
                "x":8.5,
                "y":0.5
              },
              "transitionId":1
            }
          ]
        }
      ],
      "eventClassId":-1,
      "params":[
        
      ]
    },
    {
      "id":3,
      "name":"vai para fora",
      "x":0.5,
      "y":12.5,
      "states":[
        {
          "conditions":[
            
          ],
          "height":0,
          "affixDirection":false,
          "trigger":1,
          "animationType":0,
          "runOnceThenIncrementState":false,
          "cmds":[
            {
              "jsonClass":"Teleport",
              "loc":{
                "map":"Map000001.rpgmap",
                "x":7.5,
                "y":0.5
              },
              "transitionId":1
            }
          ]
        }
      ],
      "eventClassId":-1,
      "params":[
        
      ]
    },
    {
      "id":4,
      "name":"ir pra casa",
      "x":5.5,
      "y":7.5,
      "states":[
        {
          "conditions":[
            
          ],
          "height":0,
          "affixDirection":false,
          "trigger":2,
          "animationType":0,
          "runOnceThenIncrementState":false,
          "cmds":[
            {
              "jsonClass":"Teleport",
              "loc":{
                "map":"Map000003.rpgmap",
                "x":8.5,
                "y":2.5
              },
              "transitionId":1
            }
          ]
        }
      ],
      "eventClassId":-1,
      "params":[
        
      ]
    }
  ]
}